route_id,service_id,start_time,end_time,headway_secs
1,H,01:00:00,05:00:00,3600
1,H,05:00:00,06:00:00,900
1,H,06:00:00,08:30:00,660
1,H,08:30:00,12:00:00,900
1,H,12:00:00,13:30:00,660
1,H,13:30:00,18:30:00,900
1,H,18:30:00,21:30:00,660
1,H,21:30:00,22:30:00,900
1,H,22:30:00,25:00:00,1800
1,S,01:00:00,05:00:00,3600
1,S,05:00:00,06:00:00,900
1,S,06:00:00,08:30:00,660
1,S,08:30:00,12:00:00,900
1,S,12:00:00,13:30:00,660
1,S,13:30:00,18:30:00,900
1,S,18:30:00,21:30:00,660
1,S,21:30:00,22:30:00,900
1,S,22:30:00,25:00:00,1800
1,D,01:00:00,05:00:00,3600
1,D,05:00:00,06:00:00,900
1,D,06:00:00,08:30:00,660
1,D,08:30:00,12:00:00,900
1,D,12:00:00,13:30:00,660
1,D,13:30:00,18:30:00,900
1,D,18:30:00,21:30:00,660
1,D,21:30:00,22:30:00,900
1,D,22:30:00,25:00:00,1800
2,H,01:00:00,05:00:00,7200
2,H,05:00:00,06:00:00,1500
2,H,06:00:00,08:30:00,840
2,H,08:30:00,12:00:00,1500
2,H,12:00:00,13:30:00,840
2,H,13:30:00,18:30:00,1500
2,H,18:30:00,21:30:00,840
2,H,21:30:00,22:30:00,1500
2,H,22:30:00,25:00:00,1800
2,S,01:00:00,05:00:00,7200
2,S,05:00:00,06:00:00,1500
2,S,06:00:00,08:30:00,840
2,S,08:30:00,12:00:00,1500
2,S,12:00:00,13:30:00,840
2,S,13:30:00,18:30:00,1500
2,S,18:30:00,21:30:00,840
2,S,21:30:00,22:30:00,1500
2,S,22:30:00,25:00:00,1800
2,D,01:00:00,05:00:00,7200
2,D,05:00:00,06:00:00,1500
2,D,06:00:00,08:30:00,840
2,D,08:30:00,12:00:00,1500
2,D,12:00:00,13:30:00,840
2,D,13:30:00,18:30:00,1500
2,D,18:30:00,21:30:00,840
2,D,21:30:00,22:30:00,1500
2,D,22:30:00,25:00:00,1800
3,H,05:00:00,06:00:00,1500
3,H,06:00:00,08:30:00,840
3,H,08:30:00,12:00:00,1500
3,H,12:00:00,13:30:00,840
3,H,13:30:00,18:30:00,1500
3,H,18:30:00,21:30:00,840
3,H,21:30:00,22:30:00,1500
3,H,22:30:00,25:00:00,1800
3,S,05:00:00,06:00:00,1500
3,S,06:00:00,08:30:00,840
3,S,08:30:00,12:00:00,1500
3,S,12:00:00,13:30:00,840
3,S,13:30:00,18:30:00,1500
3,S,18:30:00,21:30:00,840
3,S,21:30:00,22:30:00,1500
3,S,22:30:00,25:00:00,1800
3,D,05:00:00,06:00:00,1500
3,D,06:00:00,08:30:00,840
3,D,08:30:00,12:00:00,1500
3,D,12:00:00,13:30:00,840
3,D,13:30:00,18:30:00,1500
3,D,18:30:00,21:30:00,840
3,D,21:30:00,22:30:00,1500
3,D,22:30:00,25:00:00,1800
4,H,05:00:00,06:00:00,1800
4,H,06:00:00,08:30:00,1200
4,H,08:30:00,12:00:00,1800
4,H,12:00:00,13:30:00,1200
4,H,13:30:00,18:30:00,1800
4,H,18:30:00,21:30:00,1200
4,H,21:30:00,22:30:00,1800
4,H,22:30:00,25:00:00,2700
4,S,05:00:00,06:00:00,1800
4,S,06:00:00,08:30:00,1200
4,S,08:30:00,12:00:00,1800
4,S,12:00:00,13:30:00,1200
4,S,13:30:00,18:30:00,1800
4,S,18:30:00,21:30:00,1200
4,S,21:30:00,22:30:00,1800
4,S,22:30:00,25:00:00,2700
4,D,05:00:00,06:00:00,1800
4,D,06:00:00,08:30:00,1200
4,D,08:30:00,12:00:00,1800
4,D,12:00:00,13:30:00,1200
4,D,13:30:00,18:30:00,1800
4,D,18:30:00,21:30:00,1200
4,D,21:30:00,22:30:00,1800
4,D,22:30:00,25:00:00,2700
5,H,01:00:00,05:00:00,7200
5,H,05:00:00,06:00:00,1200
5,H,06:00:00,08:30:00,780
5,H,08:30:00,12:00:00,1200
5,H,12:00:00,13:30:00,780
5,H,13:30:00,18:30:00,1200
5,H,18:30:00,21:30:00,780
5,H,21:30:00,22:30:00,1200
5,H,22:30:00,25:00:00,2700
5,S,01:00:00,05:00:00,7200
5,S,05:00:00,06:00:00,1200
5,S,06:00:00,08:30:00,780
5,S,08:30:00,12:00:00,1200
5,S,12:00:00,13:30:00,780
5,S,13:30:00,18:30:00,1200
5,S,18:30:00,21:30:00,780
5,S,21:30:00,22:30:00,1200
5,S,22:30:00,25:00:00,2700
5,D,01:00:00,05:00:00,7200
5,D,05:00:00,06:00:00,1200
5,D,06:00:00,08:30:00,780
5,D,08:30:00,12:00:00,1200
5,D,12:00:00,13:30:00,780
5,D,13:30:00,18:30:00,1200
5,D,18:30:00,21:30:00,780
5,D,21:30:00,22:30:00,1200
5,D,22:30:00,25:00:00,2700
6,H,05:00:00,06:00:00,1500
6,H,06:00:00,08:30:00,960
6,H,08:30:00,12:00:00,1500
6,H,12:00:00,13:30:00,960
6,H,13:30:00,18:30:00,1500
6,H,18:30:00,21:30:00,960
6,H,21:30:00,22:30:00,1500
6,H,22:30:00,25:00:00,1800
6,S,05:00:00,06:00:00,1500
6,S,06:00:00,08:30:00,960
6,S,08:30:00,12:00:00,1500
6,S,12:00:00,13:30:00,960
6,S,13:30:00,18:30:00,1500
6,S,18:30:00,21:30:00,960
6,S,21:30:00,22:30:00,1500
6,S,22:30:00,25:00:00,1800
6,D,05:00:00,06:00:00,1500
6,D,06:00:00,08:30:00,960
6,D,08:30:00,12:00:00,1500
6,D,12:00:00,13:30:00,960
6,D,13:30:00,18:30:00,1500
6,D,18:30:00,21:30:00,960
6,D,21:30:00,22:30:00,1500
6,D,22:30:00,25:00:00,1800
7,H,05:00:00,06:00:00,1800
7,H,06:00:00,08:30:00,1380
7,H,08:30:00,12:00:00,1800
7,H,12:00:00,13:30:00,1380
7,H,13:30:00,18:30:00,1800
7,H,18:30:00,21:30:00,1380
7,H,21:30:00,22:30:00,1800
7,H,22:30:00,25:00:00,2700
7,S,05:00:00,06:00:00,1800
7,S,06:00:00,08:30:00,1380
7,S,08:30:00,12:00:00,1800
7,S,12:00:00,13:30:00,1380
7,S,13:30:00,18:30:00,1800
7,S,18:30:00,21:30:00,1380
7,S,21:30:00,22:30:00,1800
7,S,22:30:00,25:00:00,2700
7,D,05:00:00,06:00:00,1800
7,D,06:00:00,08:30:00,1380
7,D,08:30:00,12:00:00,1800
7,D,12:00:00,13:30:00,1380
7,D,13:30:00,18:30:00,1800
7,D,18:30:00,21:30:00,1380
7,D,21:30:00,22:30:00,1800
7,D,22:30:00,25:00:00,2700
8,H,05:00:00,06:00:00,1800
8,H,06:00:00,08:30:00,1320
8,H,08:30:00,12:00:00,1800
8,H,12:00:00,13:30:00,1320
8,H,13:30:00,18:30:00,1800
8,H,18:30:00,21:30:00,1320
8,H,21:30:00,22:30:00,1800
8,H,22:30:00,25:00:00,2700
8,S,05:00:00,06:00:00,1800
8,S,06:00:00,08:30:00,1320
8,S,08:30:00,12:00:00,1800
8,S,12:00:00,13:30:00,1320
8,S,13:30:00,18:30:00,1800
8,S,18:30:00,21:30:00,1320
8,S,21:30:00,22:30:00,1800
8,S,22:30:00,25:00:00,2700
8,D,05:00:00,06:00:00,1800
8,D,06:00:00,08:30:00,1320
8,D,08:30:00,12:00:00,1800
8,D,12:00:00,13:30:00,1320
8,D,13:30:00,18:30:00,1800
8,D,18:30:00,21:30:00,1320
8,D,21:30:00,22:30:00,1800
8,D,22:30:00,25:00:00,2700
9,H,01:00:00,05:00:00,7200
9,H,05:00:00,06:00:00,1200
9,H,06:00:00,08:30:00,900
9,H,08:30:00,12:00:00,1200
9,H,12:00:00,13:30:00,900
9,H,13:30:00,18:30:00,1200
9,H,18:30:00,21:30:00,900
9,H,21:30:00,22:30:00,1200
9,H,22:30:00,25:00:00,1800
9,S,01:00:00,05:00:00,7200
9,S,05:00:00,06:00:00,1200
9,S,06:00:00,08:30:00,900
9,S,08:30:00,12:00:00,1200
9,S,12:00:00,13:30:00,900
9,S,13:30:00,18:30:00,1200
9,S,18:30:00,21:30:00,900
9,S,21:30:00,22:30:00,1200
9,S,22:30:00,25:00:00,1800
9,D,01:00:00,05:00:00,7200
9,D,05:00:00,06:00:00,1200
9,D,06:00:00,08:30:00,900
9,D,08:30:00,12:00:00,1200
9,D,12:00:00,13:30:00,900
9,D,13:30:00,18:30:00,1200
9,D,18:30:00,21:30:00,900
9,D,21:30:00,22:30:00,1200
9,D,22:30:00,25:00:00,1800
10,H,05:00:00,06:00:00,1800
10,H,06:00:00,08:30:00,1200
10,H,08:30:00,12:00:00,1800
10,H,12:00:00,13:30:00,1200
10,H,13:30:00,18:30:00,1800
10,H,18:30:00,21:30:00,1200
10,H,21:30:00,22:30:00,1800
10,H,22:30:00,25:00:00,2700
10,S,05:00:00,06:00:00,1800
10,S,06:00:00,08:30:00,1200
10,S,08:30:00,12:00:00,1800
10,S,12:00:00,13:30:00,1200
10,S,13:30:00,18:30:00,1800
10,S,18:30:00,21:30:00,1200
10,S,21:30:00,22:30:00,1800
10,S,22:30:00,25:00:00,2700
10,D,05:00:00,06:00:00,1800
10,D,06:00:00,08:30:00,1200
10,D,08:30:00,12:00:00,1800
10,D,12:00:00,13:30:00,1200
10,D,13:30:00,18:30:00,1800
10,D,18:30:00,21:30:00,1200
10,D,21:30:00,22:30:00,1800
10,D,22:30:00,25:00:00,2700
11,H,01:00:00,05:00:00,3600
11,H,05:00:00,06:00:00,900
11,H,06:00:00,08:30:00,600
11,H,08:30:00,12:00:00,900
11,H,12:00:00,13:30:00,600
11,H,13:30:00,18:30:00,900
11,H,18:30:00,21:30:00,600
11,H,21:30:00,22:30:00,900
11,H,22:30:00,25:00:00,1500
11,S,01:00:00,05:00:00,3600
11,S,05:00:00,06:00:00,900
11,S,06:00:00,08:30:00,600
11,S,08:30:00,12:00:00,900
11,S,12:00:00,13:30:00,600
11,S,13:30:00,18:30:00,900
11,S,18:30:00,21:30:00,600
11,S,21:30:00,22:30:00,900
11,S,22:30:00,25:00:00,1500
11,D,01:00:00,05:00:00,3600
11,D,05:00:00,06:00:00,900
11,D,06:00:00,08:30:00,600
11,D,08:30:00,12:00:00,900
11,D,12:00:00,13:30:00,600
11,D,13:30:00,18:30:00,900
11,D,18:30:00,21:30:00,600
11,D,21:30:00,22:30:00,900
11,D,22:30:00,25:00:00,1500
12,H,05:00:00,06:00:00,1200
12,H,06:00:00,08:30:00,900
12,H,08:30:00,12:00:00,1200
12,H,12:00:00,13:30:00,900
12,H,13:30:00,18:30:00,1200
12,H,18:30:00,21:30:00,900
12,H,21:30:00,22:30:00,1200
12,H,22:30:00,25:00:00,1800
12,S,05:00:00,06:00:00,1200
12,S,06:00:00,08:30:00,900
12,S,08:30:00,12:00:00,1200
12,S,12:00:00,13:30:00,900
12,S,13:30:00,18:30:00,1200
12,S,18:30:00,21:30:00,900
12,S,21:30:00,22:30:00,1200
12,S,22:30:00,25:00:00,1800
12,D,05:00:00,06:00:00,1200
12,D,06:00:00,08:30:00,900
12,D,08:30:00,12:00:00,1200
12,D,12:00:00,13:30:00,900
12,D,13:30:00,18:30:00,1200
12,D,18:30:00,21:30:00,900
12,D,21:30:00,22:30:00,1200
12,D,22:30:00,25:00:00,1800
13,H,05:00:00,06:00:00,1200
13,H,06:00:00,08:30:00,840
13,H,08:30:00,12:00:00,1200
13,H,12:00:00,13:30:00,840
13,H,13:30:00,18:30:00,1200
13,H,18:30:00,21:30:00,840
13,H,21:30:00,22:30:00,1200
13,H,22:30:00,25:00:00,1800
13,S,05:00:00,06:00:00,1200
13,S,06:00:00,08:30:00,840
13,S,08:30:00,12:00:00,1200
13,S,12:00:00,13:30:00,840
13,S,13:30:00,18:30:00,1200
13,S,18:30:00,21:30:00,840
13,S,21:30:00,22:30:00,1200
13,S,22:30:00,25:00:00,1800
13,D,05:00:00,06:00:00,1200
13,D,06:00:00,08:30:00,840
13,D,08:30:00,12:00:00,1200
13,D,12:00:00,13:30:00,840
13,D,13:30:00,18:30:00,1200
13,D,18:30:00,21:30:00,840
13,D,21:30:00,22:30:00,1200
13,D,22:30:00,25:00:00,1800
14,H,05:00:00,06:00:00,1200
14,H,06:00:00,08:30:00,900
14,H,08:30:00,12:00:00,1200
14,H,12:00:00,13:30:00,900
14,H,13:30:00,18:30:00,1200
14,H,18:30:00,21:30:00,900
14,H,21:30:00,22:30:00,1200
14,H,22:30:00,25:00:00,2700
14,S,05:00:00,06:00:00,1200
14,S,06:00:00,08:30:00,900
14,S,08:30:00,12:00:00,1200
14,S,12:00:00,13:30:00,900
14,S,13:30:00,18:30:00,1200
14,S,18:30:00,21:30:00,900
14,S,21:30:00,22:30:00,1200
14,S,22:30:00,25:00:00,2700
14,D,05:00:00,06:00:00,1200
14,D,06:00:00,08:30:00,900
14,D,08:30:00,12:00:00,1200
14,D,12:00:00,13:30:00,900
14,D,13:30:00,18:30:00,1200
14,D,18:30:00,21:30:00,900
14,D,21:30:00,22:30:00,1200
14,D,22:30:00,25:00:00,2700
15,H,05:00:00,06:00:00,1200
15,H,06:00:00,08:30:00,840
15,H,08:30:00,12:00:00,1200
15,H,12:00:00,13:30:00,840
15,H,13:30:00,18:30:00,1200
15,H,18:30:00,21:30:00,840
15,H,21:30:00,22:30:00,1200
15,H,22:30:00,25:00:00,2700
15,S,05:00:00,06:00:00,1200
15,S,06:00:00,08:30:00,840
15,S,08:30:00,12:00:00,1200
15,S,12:00:00,13:30:00,840
15,S,13:30:00,18:30:00,1200
15,S,18:30:00,21:30:00,840
15,S,21:30:00,22:30:00,1200
15,S,22:30:00,25:00:00,2700
15,D,05:00:00,06:00:00,1200
15,D,06:00:00,08:30:00,840
15,D,08:30:00,12:00:00,1200
15,D,12:00:00,13:30:00,840
15,D,13:30:00,18:30:00,1200
15,D,18:30:00,21:30:00,840
15,D,21:30:00,22:30:00,1200
15,D,22:30:00,25:00:00,2700
16,H,05:00:00,06:00:00,1200
16,H,06:00:00,08:30:00,900
16,H,08:30:00,12:00:00,1200
16,H,12:00:00,13:30:00,900
16,H,13:30:00,18:30:00,1200
16,H,18:30:00,21:30:00,900
16,H,21:30:00,22:30:00,1200
16,H,22:30:00,25:00:00,2700
16,S,05:00:00,06:00:00,1200
16,S,06:00:00,08:30:00,900
16,S,08:30:00,12:00:00,1200
16,S,12:00:00,13:30:00,900
16,S,13:30:00,18:30:00,1200
16,S,18:30:00,21:30:00,900
16,S,21:30:00,22:30:00,1200
16,S,22:30:00,25:00:00,2700
16,D,05:00:00,06:00:00,1200
16,D,06:00:00,08:30:00,900
16,D,08:30:00,12:00:00,1200
16,D,12:00:00,13:30:00,900
16,D,13:30:00,18:30:00,1200
16,D,18:30:00,21:30:00,900
16,D,21:30:00,22:30:00,1200
16,D,22:30:00,25:00:00,2700
17,H,01:00:00,05:00:00,7200
17,H,05:00:00,06:00:00,900
17,H,06:00:00,08:30:00,720
17,H,08:30:00,12:00:00,900
17,H,12:00:00,13:30:00,720
17,H,13:30:00,18:30:00,900
17,H,18:30:00,21:30:00,720
17,H,21:30:00,22:30:00,900
17,H,22:30:00,25:00:00,1800
17,S,01:00:00,05:00:00,7200
17,S,05:00:00,06:00:00,900
17,S,06:00:00,08:30:00,720
17,S,08:30:00,12:00:00,900
17,S,12:00:00,13:30:00,720
17,S,13:30:00,18:30:00,900
17,S,18:30:00,21:30:00,720
17,S,21:30:00,22:30:00,900
17,S,22:30:00,25:00:00,1800
17,D,01:00:00,05:00:00,7200
17,D,05:00:00,06:00:00,900
17,D,06:00:00,08:30:00,720
17,D,08:30:00,12:00:00,900
17,D,12:00:00,13:30:00,720
17,D,13:30:00,18:30:00,900
17,D,18:30:00,21:30:00,720
17,D,21:30:00,22:30:00,900
17,D,22:30:00,25:00:00,1800
18,H,05:00:00,06:00:00,900
18,H,06:00:00,08:30:00,720
18,H,08:30:00,12:00:00,900
18,H,12:00:00,13:30:00,720
18,H,13:30:00,18:30:00,900
18,H,18:30:00,21:30:00,720
18,H,21:30:00,22:30:00,900
18,H,22:30:00,25:00:00,1800
18,S,05:00:00,06:00:00,900
18,S,06:00:00,08:30:00,720
18,S,08:30:00,12:00:00,900
18,S,12:00:00,13:30:00,720
18,S,13:30:00,18:30:00,900
18,S,18:30:00,21:30:00,720
18,S,21:30:00,22:30:00,900
18,S,22:30:00,25:00:00,1800
18,D,05:00:00,06:00:00,900
18,D,06:00:00,08:30:00,720
18,D,08:30:00,12:00:00,900
18,D,12:00:00,13:30:00,720
18,D,13:30:00,18:30:00,900
18,D,18:30:00,21:30:00,720
18,D,21:30:00,22:30:00,900
18,D,22:30:00,25:00:00,1800
19,H,01:00:00,05:00:00,7200
19,H,05:00:00,06:00:00,1200
19,H,06:00:00,08:30:00,900
19,H,08:30:00,12:00:00,1200
19,H,12:00:00,13:30:00,900
19,H,13:30:00,18:30:00,1200
19,H,18:30:00,21:30:00,900
19,H,21:30:00,22:30:00,1200
19,H,22:30:00,25:00:00,1800
19,S,01:00:00,05:00:00,7200
19,S,05:00:00,06:00:00,1200
19,S,06:00:00,08:30:00,900
19,S,08:30:00,12:00:00,1200
19,S,12:00:00,13:30:00,900
19,S,13:30:00,18:30:00,1200
19,S,18:30:00,21:30:00,900
19,S,21:30:00,22:30:00,1200
19,S,22:30:00,25:00:00,1800
19,D,01:00:00,05:00:00,7200
19,D,05:00:00,06:00:00,1200
19,D,06:00:00,08:30:00,900
19,D,08:30:00,12:00:00,1200
19,D,12:00:00,13:30:00,900
19,D,13:30:00,18:30:00,1200
19,D,18:30:00,21:30:00,900
19,D,21:30:00,22:30:00,1200
19,D,22:30:00,25:00:00,1800
20,H,05:00:00,06:00:00,2100
20,H,06:00:00,08:30:00,2100
20,H,08:30:00,12:00:00,2100
20,H,12:00:00,13:30:00,2100
20,H,13:30:00,18:30:00,2100
20,H,18:30:00,21:30:00,2100
20,H,21:30:00,22:30:00,2100
20,H,22:30:00,25:00:00,2700
20,S,05:00:00,06:00:00,2100
20,S,06:00:00,08:30:00,2100
20,S,08:30:00,12:00:00,2100
20,S,12:00:00,13:30:00,2100
20,S,13:30:00,18:30:00,2100
20,S,18:30:00,21:30:00,2100
20,S,21:30:00,22:30:00,2100
20,S,22:30:00,25:00:00,2700
20,D,05:00:00,06:00:00,2100
20,D,06:00:00,08:30:00,2100
20,D,08:30:00,12:00:00,2100
20,D,12:00:00,13:30:00,2100
20,D,13:30:00,18:30:00,2100
20,D,18:30:00,21:30:00,2100
20,D,21:30:00,22:30:00,2100
20,D,22:30:00,25:00:00,2700
21,H,01:00:00,05:00:00,3600
21,H,05:00:00,06:00:00,660
21,H,06:00:00,08:30:00,420
21,H,08:30:00,12:00:00,660
21,H,12:00:00,13:30:00,420
21,H,13:30:00,18:30:00,660
21,H,18:30:00,21:30:00,420
21,H,21:30:00,22:30:00,660
21,H,22:30:00,25:00:00,1200
21,S,01:00:00,05:00:00,3600
21,S,05:00:00,06:00:00,660
21,S,06:00:00,08:30:00,420
21,S,08:30:00,12:00:00,660
21,S,12:00:00,13:30:00,420
21,S,13:30:00,18:30:00,660
21,S,18:30:00,21:30:00,420
21,S,21:30:00,22:30:00,660
21,S,22:30:00,25:00:00,1200
21,D,01:00:00,05:00:00,3600
21,D,05:00:00,06:00:00,660
21,D,06:00:00,08:30:00,420
21,D,08:30:00,12:00:00,660
21,D,12:00:00,13:30:00,420
21,D,13:30:00,18:30:00,660
21,D,18:30:00,21:30:00,420
21,D,21:30:00,22:30:00,660
21,D,22:30:00,25:00:00,1200
22,H,05:00:00,06:00:00,900
22,H,06:00:00,08:30:00,600
22,H,08:30:00,12:00:00,900
22,H,12:00:00,13:30:00,600
22,H,13:30:00,18:30:00,900
22,H,18:30:00,21:30:00,600
22,H,21:30:00,22:30:00,900
22,H,22:30:00,25:00:00,1800
22,S,05:00:00,06:00:00,900
22,S,06:00:00,08:30:00,600
22,S,08:30:00,12:00:00,900
22,S,12:00:00,13:30:00,600
22,S,13:30:00,18:30:00,900
22,S,18:30:00,21:30:00,600
22,S,21:30:00,22:30:00,900
22,S,22:30:00,25:00:00,1800
22,D,05:00:00,06:00:00,900
22,D,06:00:00,08:30:00,600
22,D,08:30:00,12:00:00,900
22,D,12:00:00,13:30:00,600
22,D,13:30:00,18:30:00,900
22,D,18:30:00,21:30:00,600
22,D,21:30:00,22:30:00,900
22,D,22:30:00,25:00:00,1800
23,H,05:00:00,06:00:00,900
23,H,06:00:00,08:30:00,600
23,H,08:30:00,12:00:00,900
23,H,12:00:00,13:30:00,600
23,H,13:30:00,18:30:00,900
23,H,18:30:00,21:30:00,600
23,H,21:30:00,22:30:00,900
23,H,22:30:00,25:00:00,1800
23,S,05:00:00,06:00:00,900
23,S,06:00:00,08:30:00,600
23,S,08:30:00,12:00:00,900
23,S,12:00:00,13:30:00,600
23,S,13:30:00,18:30:00,900
23,S,18:30:00,21:30:00,600
23,S,21:30:00,22:30:00,900
23,S,22:30:00,25:00:00,1800
23,D,05:00:00,06:00:00,900
23,D,06:00:00,08:30:00,600
23,D,08:30:00,12:00:00,900
23,D,12:00:00,13:30:00,600
23,D,13:30:00,18:30:00,900
23,D,18:30:00,21:30:00,600
23,D,21:30:00,22:30:00,900
23,D,22:30:00,25:00:00,1800
24,H,05:00:00,06:00:00,1200
24,H,06:00:00,08:30:00,720
24,H,08:30:00,12:00:00,1200
24,H,12:00:00,13:30:00,720
24,H,13:30:00,18:30:00,1200
24,H,18:30:00,21:30:00,720
24,H,21:30:00,22:30:00,1200
24,H,22:30:00,25:00:00,1800
24,S,05:00:00,06:00:00,1200
24,S,06:00:00,08:30:00,720
24,S,08:30:00,12:00:00,1200
24,S,12:00:00,13:30:00,720
24,S,13:30:00,18:30:00,1200
24,S,18:30:00,21:30:00,720
24,S,21:30:00,22:30:00,1200
24,S,22:30:00,25:00:00,1800
24,D,05:00:00,06:00:00,1200
24,D,06:00:00,08:30:00,720
24,D,08:30:00,12:00:00,1200
24,D,12:00:00,13:30:00,720
24,D,13:30:00,18:30:00,1200
24,D,18:30:00,21:30:00,720
24,D,21:30:00,22:30:00,1200
24,D,22:30:00,25:00:00,1800
25,H,05:00:00,06:00:00,1200
25,H,06:00:00,08:30:00,840
25,H,08:30:00,12:00:00,1200
25,H,12:00:00,13:30:00,840
25,H,13:30:00,18:30:00,1200
25,H,18:30:00,21:30:00,840
25,H,21:30:00,22:30:00,1200
25,H,22:30:00,25:00:00,1800
25,S,05:00:00,06:00:00,1200
25,S,06:00:00,08:30:00,840
25,S,08:30:00,12:00:00,1200
25,S,12:00:00,13:30:00,840
25,S,13:30:00,18:30:00,1200
25,S,18:30:00,21:30:00,840
25,S,21:30:00,22:30:00,1200
25,S,22:30:00,25:00:00,1800
25,D,05:00:00,06:00:00,1200
25,D,06:00:00,08:30:00,840
25,D,08:30:00,12:00:00,1200
25,D,12:00:00,13:30:00,840
25,D,13:30:00,18:30:00,1200
25,D,18:30:00,21:30:00,840
25,D,21:30:00,22:30:00,1200
25,D,22:30:00,25:00:00,1800
26,H,01:00:00,05:00:00,7200
26,H,05:00:00,06:00:00,900
26,H,06:00:00,08:30:00,540
26,H,08:30:00,12:00:00,900
26,H,12:00:00,13:30:00,540
26,H,13:30:00,18:30:00,900
26,H,18:30:00,21:30:00,540
26,H,21:30:00,22:30:00,900
26,H,22:30:00,25:00:00,1800
26,S,01:00:00,05:00:00,7200
26,S,05:00:00,06:00:00,900
26,S,06:00:00,08:30:00,540
26,S,08:30:00,12:00:00,900
26,S,12:00:00,13:30:00,540
26,S,13:30:00,18:30:00,900
26,S,18:30:00,21:30:00,540
26,S,21:30:00,22:30:00,900
26,S,22:30:00,25:00:00,1800
26,D,01:00:00,05:00:00,7200
26,D,05:00:00,06:00:00,900
26,D,06:00:00,08:30:00,540
26,D,08:30:00,12:00:00,900
26,D,12:00:00,13:30:00,540
26,D,13:30:00,18:30:00,900
26,D,18:30:00,21:30:00,540
26,D,21:30:00,22:30:00,900
26,D,22:30:00,25:00:00,1800
27,H,05:00:00,06:00:00,1200
27,H,06:00:00,08:30:00,960
27,H,08:30:00,12:00:00,1200
27,H,12:00:00,13:30:00,960
27,H,13:30:00,18:30:00,1200
27,H,18:30:00,21:30:00,960
27,H,21:30:00,22:30:00,1200
27,H,22:30:00,25:00:00,2100
27,S,05:00:00,06:00:00,1200
27,S,06:00:00,08:30:00,960
27,S,08:30:00,12:00:00,1200
27,S,12:00:00,13:30:00,960
27,S,13:30:00,18:30:00,1200
27,S,18:30:00,21:30:00,960
27,S,21:30:00,22:30:00,1200
27,S,22:30:00,25:00:00,2100
27,D,05:00:00,06:00:00,1200
27,D,06:00:00,08:30:00,960
27,D,08:30:00,12:00:00,1200
27,D,12:00:00,13:30:00,960
27,D,13:30:00,18:30:00,1200
27,D,18:30:00,21:30:00,960
27,D,21:30:00,22:30:00,1200
27,D,22:30:00,25:00:00,2100
28,H,01:00:00,05:00:00,3600
28,H,05:00:00,06:00:00,780
28,H,06:00:00,08:30:00,420
28,H,08:30:00,12:00:00,780
28,H,12:00:00,13:30:00,420
28,H,13:30:00,18:30:00,780
28,H,18:30:00,21:30:00,420
28,H,21:30:00,22:30:00,780
28,H,22:30:00,25:00:00,1200
28,S,01:00:00,05:00:00,3600
28,S,05:00:00,06:00:00,780
28,S,06:00:00,08:30:00,420
28,S,08:30:00,12:00:00,780
28,S,12:00:00,13:30:00,420
28,S,13:30:00,18:30:00,780
28,S,18:30:00,21:30:00,420
28,S,21:30:00,22:30:00,780
28,S,22:30:00,25:00:00,1200
28,D,01:00:00,05:00:00,3600
28,D,05:00:00,06:00:00,780
28,D,06:00:00,08:30:00,420
28,D,08:30:00,12:00:00,780
28,D,12:00:00,13:30:00,420
28,D,13:30:00,18:30:00,780
28,D,18:30:00,21:30:00,420
28,D,21:30:00,22:30:00,780
28,D,22:30:00,25:00:00,1200
29,H,01:00:00,05:00:00,7200
29,H,05:00:00,06:00:00,780
29,H,06:00:00,08:30:00,540
29,H,08:30:00,12:00:00,780
29,H,12:00:00,13:30:00,540
29,H,13:30:00,18:30:00,780
29,H,18:30:00,21:30:00,540
29,H,21:30:00,22:30:00,780
29,H,22:30:00,25:00:00,1800
29,S,01:00:00,05:00:00,7200
29,S,05:00:00,06:00:00,780
29,S,06:00:00,08:30:00,540
29,S,08:30:00,12:00:00,780
29,S,12:00:00,13:30:00,540
29,S,13:30:00,18:30:00,780
29,S,18:30:00,21:30:00,540
29,S,21:30:00,22:30:00,780
29,S,22:30:00,25:00:00,1800
29,D,01:00:00,05:00:00,7200
29,D,05:00:00,06:00:00,780
29,D,06:00:00,08:30:00,540
29,D,08:30:00,12:00:00,780
29,D,12:00:00,13:30:00,540
29,D,13:30:00,18:30:00,780
29,D,18:30:00,21:30:00,540
29,D,21:30:00,22:30:00,780
29,D,22:30:00,25:00:00,1800
30,H,05:00:00,06:00:00,900
30,H,06:00:00,08:30:00,480
30,H,08:30:00,12:00:00,900
30,H,12:00:00,13:30:00,480
30,H,13:30:00,18:30:00,900
30,H,18:30:00,21:30:00,480
30,H,21:30:00,22:30:00,900
30,H,22:30:00,25:00:00,1800
30,S,05:00:00,06:00:00,900
30,S,06:00:00,08:30:00,480
30,S,08:30:00,12:00:00,900
30,S,12:00:00,13:30:00,480
30,S,13:30:00,18:30:00,900
30,S,18:30:00,21:30:00,480
30,S,21:30:00,22:30:00,900
30,S,22:30:00,25:00:00,1800
30,D,05:00:00,06:00:00,900
30,D,06:00:00,08:30:00,480
30,D,08:30:00,12:00:00,900
30,D,12:00:00,13:30:00,480
30,D,13:30:00,18:30:00,900
30,D,18:30:00,21:30:00,480
30,D,21:30:00,22:30:00,900
30,D,22:30:00,25:00:00,1800
31,H,01:00:00,05:00:00,7200
31,H,05:00:00,06:00:00,720
31,H,06:00:00,08:30:00,420
31,H,08:30:00,12:00:00,720
31,H,12:00:00,13:30:00,420
31,H,13:30:00,18:30:00,720
31,H,18:30:00,21:30:00,420
31,H,21:30:00,22:30:00,720
31,H,22:30:00,25:00:00,1800
31,S,01:00:00,05:00:00,7200
31,S,05:00:00,06:00:00,720
31,S,06:00:00,08:30:00,420
31,S,08:30:00,12:00:00,720
31,S,12:00:00,13:30:00,420
31,S,13:30:00,18:30:00,720
31,S,18:30:00,21:30:00,420
31,S,21:30:00,22:30:00,720
31,S,22:30:00,25:00:00,1800
31,D,01:00:00,05:00:00,7200
31,D,05:00:00,06:00:00,720
31,D,06:00:00,08:30:00,420
31,D,08:30:00,12:00:00,720
31,D,12:00:00,13:30:00,420
31,D,13:30:00,18:30:00,720
31,D,18:30:00,21:30:00,420
31,D,21:30:00,22:30:00,720
31,D,22:30:00,25:00:00,1800
32,H,05:00:00,06:00:00,900
32,H,06:00:00,08:30:00,600
32,H,08:30:00,12:00:00,900
32,H,12:00:00,13:30:00,600
32,H,13:30:00,18:30:00,900
32,H,18:30:00,21:30:00,600
32,H,21:30:00,22:30:00,900
32,H,22:30:00,25:00:00,1800
32,S,05:00:00,06:00:00,900
32,S,06:00:00,08:30:00,600
32,S,08:30:00,12:00:00,900
32,S,12:00:00,13:30:00,600
32,S,13:30:00,18:30:00,900
32,S,18:30:00,21:30:00,600
32,S,21:30:00,22:30:00,900
32,S,22:30:00,25:00:00,1800
32,D,05:00:00,06:00:00,900
32,D,06:00:00,08:30:00,600
32,D,08:30:00,12:00:00,900
32,D,12:00:00,13:30:00,600
32,D,13:30:00,18:30:00,900
32,D,18:30:00,21:30:00,600
32,D,21:30:00,22:30:00,900
32,D,22:30:00,25:00:00,1800
33,H,01:00:00,05:00:00,3600
33,H,05:00:00,06:00:00,600
33,H,06:00:00,08:30:00,360
33,H,08:30:00,12:00:00,600
33,H,12:00:00,13:30:00,360
33,H,13:30:00,18:30:00,600
33,H,18:30:00,21:30:00,360
33,H,21:30:00,22:30:00,600
33,H,22:30:00,25:00:00,1200
33,S,01:00:00,05:00:00,3600
33,S,05:00:00,06:00:00,600
33,S,06:00:00,08:30:00,360
33,S,08:30:00,12:00:00,600
33,S,12:00:00,13:30:00,360
33,S,13:30:00,18:30:00,600
33,S,18:30:00,21:30:00,360
33,S,21:30:00,22:30:00,600
33,S,22:30:00,25:00:00,1200
33,D,01:00:00,05:00:00,3600
33,D,05:00:00,06:00:00,600
33,D,06:00:00,08:30:00,360
33,D,08:30:00,12:00:00,600
33,D,12:00:00,13:30:00,360
33,D,13:30:00,18:30:00,600
33,D,18:30:00,21:30:00,360
33,D,21:30:00,22:30:00,600
33,D,22:30:00,25:00:00,1200
34,H,05:00:00,06:00:00,1800
34,H,06:00:00,08:30:00,1800
34,H,08:30:00,12:00:00,1800
34,H,12:00:00,13:30:00,1800
34,H,13:30:00,18:30:00,1800
34,H,18:30:00,21:30:00,1800
34,H,21:30:00,22:30:00,1800
34,S,05:00:00,06:00:00,1800
34,S,06:00:00,08:30:00,1800
34,S,08:30:00,12:00:00,1800
34,S,12:00:00,13:30:00,1800
34,S,13:30:00,18:30:00,1800
34,S,18:30:00,21:30:00,1800
34,S,21:30:00,22:30:00,1800
34,D,05:00:00,06:00:00,1800
34,D,06:00:00,08:30:00,1800
34,D,08:30:00,12:00:00,1800
34,D,12:00:00,13:30:00,1800
34,D,13:30:00,18:30:00,1800
34,D,18:30:00,21:30:00,1800
34,D,21:30:00,22:30:00,1800
35,H,05:00:00,06:00:00,1800
35,H,06:00:00,08:30:00,1800
35,H,08:30:00,12:00:00,1800
35,H,12:00:00,13:30:00,1800
35,H,13:30:00,18:30:00,1800
35,H,18:30:00,21:30:00,1800
35,H,21:30:00,22:30:00,1800
35,S,05:00:00,06:00:00,1800
35,S,06:00:00,08:30:00,1800
35,S,08:30:00,12:00:00,1800
35,S,12:00:00,13:30:00,1800
35,S,13:30:00,18:30:00,1800
35,S,18:30:00,21:30:00,1800
35,S,21:30:00,22:30:00,1800
35,D,05:00:00,06:00:00,1800
35,D,06:00:00,08:30:00,1800
35,D,08:30:00,12:00:00,1800
35,D,12:00:00,13:30:00,1800
35,D,13:30:00,18:30:00,1800
35,D,18:30:00,21:30:00,1800
35,D,21:30:00,22:30:00,1800
36,H,05:00:00,06:00:00,900
36,H,06:00:00,08:30:00,600
36,H,08:30:00,12:00:00,900
36,H,12:00:00,13:30:00,600
36,H,13:30:00,18:30:00,900
36,H,18:30:00,21:30:00,600
36,H,21:30:00,22:30:00,900
36,H,22:30:00,25:00:00,1800
36,S,05:00:00,06:00:00,900
36,S,06:00:00,08:30:00,600
36,S,08:30:00,12:00:00,900
36,S,12:00:00,13:30:00,600
36,S,13:30:00,18:30:00,900
36,S,18:30:00,21:30:00,600
36,S,21:30:00,22:30:00,900
36,S,22:30:00,25:00:00,1800
36,D,05:00:00,06:00:00,900
36,D,06:00:00,08:30:00,600
36,D,08:30:00,12:00:00,900
36,D,12:00:00,13:30:00,600
36,D,13:30:00,18:30:00,900
36,D,18:30:00,21:30:00,600
36,D,21:30:00,22:30:00,900
36,D,22:30:00,25:00:00,1800
37,H,01:00:00,05:00:00,7200
37,H,05:00:00,06:00:00,900
37,H,06:00:00,08:30:00,600
37,H,08:30:00,12:00:00,900
37,H,12:00:00,13:30:00,600
37,H,13:30:00,18:30:00,900
37,H,18:30:00,21:30:00,600
37,H,21:30:00,22:30:00,900
37,H,22:30:00,25:00:00,1800
37,S,01:00:00,05:00:00,7200
37,S,05:00:00,06:00:00,900
37,S,06:00:00,08:30:00,600
37,S,08:30:00,12:00:00,900
37,S,12:00:00,13:30:00,600
37,S,13:30:00,18:30:00,900
37,S,18:30:00,21:30:00,600
37,S,21:30:00,22:30:00,900
37,S,22:30:00,25:00:00,1800
37,D,01:00:00,05:00:00,7200
37,D,05:00:00,06:00:00,900
37,D,06:00:00,08:30:00,600
37,D,08:30:00,12:00:00,900
37,D,12:00:00,13:30:00,600
37,D,13:30:00,18:30:00,900
37,D,18:30:00,21:30:00,600
37,D,21:30:00,22:30:00,900
37,D,22:30:00,25:00:00,1800
38,H,05:00:00,06:00:00,900
38,H,06:00:00,08:30:00,480
38,H,08:30:00,12:00:00,900
38,H,12:00:00,13:30:00,480
38,H,13:30:00,18:30:00,900
38,H,18:30:00,21:30:00,480
38,H,21:30:00,22:30:00,900
38,H,22:30:00,25:00:00,1800
38,S,05:00:00,06:00:00,900
38,S,06:00:00,08:30:00,480
38,S,08:30:00,12:00:00,900
38,S,12:00:00,13:30:00,480
38,S,13:30:00,18:30:00,900
38,S,18:30:00,21:30:00,480
38,S,21:30:00,22:30:00,900
38,S,22:30:00,25:00:00,1800
38,D,05:00:00,06:00:00,900
38,D,06:00:00,08:30:00,480
38,D,08:30:00,12:00:00,900
38,D,12:00:00,13:30:00,480
38,D,13:30:00,18:30:00,900
38,D,18:30:00,21:30:00,480
38,D,21:30:00,22:30:00,900
38,D,22:30:00,25:00:00,1800
39,H,05:00:00,06:00:00,1200
39,H,06:00:00,08:30:00,900
39,H,08:30:00,12:00:00,1200
39,H,12:00:00,13:30:00,900
39,H,13:30:00,18:30:00,1200
39,H,18:30:00,21:30:00,900
39,H,21:30:00,22:30:00,1200
39,H,22:30:00,25:00:00,1800
39,S,05:00:00,06:00:00,1200
39,S,06:00:00,08:30:00,900
39,S,08:30:00,12:00:00,1200
39,S,12:00:00,13:30:00,900
39,S,13:30:00,18:30:00,1200
39,S,18:30:00,21:30:00,900
39,S,21:30:00,22:30:00,1200
39,S,22:30:00,25:00:00,1800
39,D,05:00:00,06:00:00,1200
39,D,06:00:00,08:30:00,900
39,D,08:30:00,12:00:00,1200
39,D,12:00:00,13:30:00,900
39,D,13:30:00,18:30:00,1200
39,D,18:30:00,21:30:00,900
39,D,21:30:00,22:30:00,1200
39,D,22:30:00,25:00:00,1800
40,H,05:00:00,06:00:00,1200
40,H,06:00:00,08:30:00,900
40,H,08:30:00,12:00:00,1200
40,H,12:00:00,13:30:00,900
40,H,13:30:00,18:30:00,1200
40,H,18:30:00,21:30:00,900
40,H,21:30:00,22:30:00,1200
40,S,05:00:00,06:00:00,1200
40,S,06:00:00,08:30:00,900
40,S,08:30:00,12:00:00,1200
40,S,12:00:00,13:30:00,900
40,S,13:30:00,18:30:00,1200
40,S,18:30:00,21:30:00,900
40,S,21:30:00,22:30:00,1200
40,D,05:00:00,06:00:00,1200
40,D,06:00:00,08:30:00,900
40,D,08:30:00,12:00:00,1200
40,D,12:00:00,13:30:00,900
40,D,13:30:00,18:30:00,1200
40,D,18:30:00,21:30:00,900
40,D,21:30:00,22:30:00,1200
41,H,01:00:00,05:00:00,3600
41,H,05:00:00,06:00:00,900
41,H,06:00:00,08:30:00,540
41,H,08:30:00,12:00:00,900
41,H,12:00:00,13:30:00,540
41,H,13:30:00,18:30:00,900
41,H,18:30:00,21:30:00,540
41,H,21:30:00,22:30:00,900
41,H,22:30:00,25:00:00,1200
41,S,01:00:00,05:00:00,3600
41,S,05:00:00,06:00:00,900
41,S,06:00:00,08:30:00,540
41,S,08:30:00,12:00:00,900
41,S,12:00:00,13:30:00,540
41,S,13:30:00,18:30:00,900
41,S,18:30:00,21:30:00,540
41,S,21:30:00,22:30:00,900
41,S,22:30:00,25:00:00,1200
41,D,01:00:00,05:00:00,3600
41,D,05:00:00,06:00:00,900
41,D,06:00:00,08:30:00,540
41,D,08:30:00,12:00:00,900
41,D,12:00:00,13:30:00,540
41,D,13:30:00,18:30:00,900
41,D,18:30:00,21:30:00,540
41,D,21:30:00,22:30:00,900
41,D,22:30:00,25:00:00,1200
42,H,05:00:00,06:00:00,1200
42,H,06:00:00,08:30:00,900
42,H,08:30:00,12:00:00,1200
42,H,12:00:00,13:30:00,900
42,H,13:30:00,18:30:00,1200
42,H,18:30:00,21:30:00,900
42,H,21:30:00,22:30:00,1200
42,H,22:30:00,25:00:00,1800
42,S,05:00:00,06:00:00,1200
42,S,06:00:00,08:30:00,900
42,S,08:30:00,12:00:00,1200
42,S,12:00:00,13:30:00,900
42,S,13:30:00,18:30:00,1200
42,S,18:30:00,21:30:00,900
42,S,21:30:00,22:30:00,1200
42,S,22:30:00,25:00:00,1800
42,D,05:00:00,06:00:00,1200
42,D,06:00:00,08:30:00,900
42,D,08:30:00,12:00:00,1200
42,D,12:00:00,13:30:00,900
42,D,13:30:00,18:30:00,1200
42,D,18:30:00,21:30:00,900
42,D,21:30:00,22:30:00,1200
42,D,22:30:00,25:00:00,1800
43,H,05:00:00,06:00:00,1200
43,H,06:00:00,08:30:00,900
43,H,08:30:00,12:00:00,1200
43,H,12:00:00,13:30:00,900
43,H,13:30:00,18:30:00,1200
43,H,18:30:00,21:30:00,900
43,H,21:30:00,22:30:00,1200
43,H,22:30:00,25:00:00,1800
43,S,05:00:00,06:00:00,1200
43,S,06:00:00,08:30:00,900
43,S,08:30:00,12:00:00,1200
43,S,12:00:00,13:30:00,900
43,S,13:30:00,18:30:00,1200
43,S,18:30:00,21:30:00,900
43,S,21:30:00,22:30:00,1200
43,S,22:30:00,25:00:00,1800
43,D,05:00:00,06:00:00,1200
43,D,06:00:00,08:30:00,900
43,D,08:30:00,12:00:00,1200
43,D,12:00:00,13:30:00,900
43,D,13:30:00,18:30:00,1200
43,D,18:30:00,21:30:00,900
43,D,21:30:00,22:30:00,1200
43,D,22:30:00,25:00:00,1800
44,H,05:00:00,06:00:00,1500
44,H,06:00:00,08:30:00,1200
44,H,08:30:00,12:00:00,1500
44,H,12:00:00,13:30:00,1200
44,H,13:30:00,18:30:00,1500
44,H,18:30:00,21:30:00,1200
44,H,21:30:00,22:30:00,1500
44,H,22:30:00,25:00:00,1800
44,S,05:00:00,06:00:00,1500
44,S,06:00:00,08:30:00,1200
44,S,08:30:00,12:00:00,1500
44,S,12:00:00,13:30:00,1200
44,S,13:30:00,18:30:00,1500
44,S,18:30:00,21:30:00,1200
44,S,21:30:00,22:30:00,1500
44,S,22:30:00,25:00:00,1800
44,D,05:00:00,06:00:00,1500
44,D,06:00:00,08:30:00,1200
44,D,08:30:00,12:00:00,1500
44,D,12:00:00,13:30:00,1200
44,D,13:30:00,18:30:00,1500
44,D,18:30:00,21:30:00,1200
44,D,21:30:00,22:30:00,1500
44,D,22:30:00,25:00:00,1800
45,H,01:00:00,05:00:00,7200
45,H,05:00:00,06:00:00,900
45,H,06:00:00,08:30:00,600
45,H,08:30:00,12:00:00,900
45,H,12:00:00,13:30:00,600
45,H,13:30:00,18:30:00,900
45,H,18:30:00,21:30:00,600
45,H,21:30:00,22:30:00,900
45,H,22:30:00,25:00:00,1800
45,S,01:00:00,05:00:00,7200
45,S,05:00:00,06:00:00,900
45,S,06:00:00,08:30:00,600
45,S,08:30:00,12:00:00,900
45,S,12:00:00,13:30:00,600
45,S,13:30:00,18:30:00,900
45,S,18:30:00,21:30:00,600
45,S,21:30:00,22:30:00,900
45,S,22:30:00,25:00:00,1800
45,D,01:00:00,05:00:00,7200
45,D,05:00:00,06:00:00,900
45,D,06:00:00,08:30:00,600
45,D,08:30:00,12:00:00,900
45,D,12:00:00,13:30:00,600
45,D,13:30:00,18:30:00,900
45,D,18:30:00,21:30:00,600
45,D,21:30:00,22:30:00,900
45,D,22:30:00,25:00:00,1800
46,H,05:00:00,06:00:00,1200
46,H,06:00:00,08:30:00,1020
46,H,08:30:00,12:00:00,1200
46,H,12:00:00,13:30:00,1020
46,H,13:30:00,18:30:00,1200
46,H,18:30:00,21:30:00,1020
46,H,21:30:00,22:30:00,1200
46,H,22:30:00,25:00:00,1800
46,S,05:00:00,06:00:00,1200
46,S,06:00:00,08:30:00,1020
46,S,08:30:00,12:00:00,1200
46,S,12:00:00,13:30:00,1020
46,S,13:30:00,18:30:00,1200
46,S,18:30:00,21:30:00,1020
46,S,21:30:00,22:30:00,1200
46,S,22:30:00,25:00:00,1800
46,D,05:00:00,06:00:00,1200
46,D,06:00:00,08:30:00,1020
46,D,08:30:00,12:00:00,1200
46,D,12:00:00,13:30:00,1020
46,D,13:30:00,18:30:00,1200
46,D,18:30:00,21:30:00,1020
46,D,21:30:00,22:30:00,1200
46,D,22:30:00,25:00:00,1800
47,H,01:00:00,05:00:00,7200
47,H,05:00:00,06:00:00,1200
47,H,06:00:00,08:30:00,900
47,H,08:30:00,12:00:00,1200
47,H,12:00:00,13:30:00,900
47,H,13:30:00,18:30:00,1200
47,H,18:30:00,21:30:00,900
47,H,21:30:00,22:30:00,1200
47,H,22:30:00,25:00:00,1800
47,S,01:00:00,05:00:00,7200
47,S,05:00:00,06:00:00,1200
47,S,06:00:00,08:30:00,900
47,S,08:30:00,12:00:00,1200
47,S,12:00:00,13:30:00,900
47,S,13:30:00,18:30:00,1200
47,S,18:30:00,21:30:00,900
47,S,21:30:00,22:30:00,1200
47,S,22:30:00,25:00:00,1800
47,D,01:00:00,05:00:00,7200
47,D,05:00:00,06:00:00,1200
47,D,06:00:00,08:30:00,900
47,D,08:30:00,12:00:00,1200
47,D,12:00:00,13:30:00,900
47,D,13:30:00,18:30:00,1200
47,D,18:30:00,21:30:00,900
47,D,21:30:00,22:30:00,1200
47,D,22:30:00,25:00:00,1800
48,H,01:00:00,05:00:00,7200
48,H,05:00:00,06:00:00,1200
48,H,06:00:00,08:30:00,840
48,H,08:30:00,12:00:00,1200
48,H,12:00:00,13:30:00,840
48,H,13:30:00,18:30:00,1200
48,H,18:30:00,21:30:00,840
48,H,21:30:00,22:30:00,1200
48,H,22:30:00,25:00:00,1800
48,S,01:00:00,05:00:00,7200
48,S,05:00:00,06:00:00,1200
48,S,06:00:00,08:30:00,840
48,S,08:30:00,12:00:00,1200
48,S,12:00:00,13:30:00,840
48,S,13:30:00,18:30:00,1200
48,S,18:30:00,21:30:00,840
48,S,21:30:00,22:30:00,1200
48,S,22:30:00,25:00:00,1800
48,D,01:00:00,05:00:00,7200
48,D,05:00:00,06:00:00,1200
48,D,06:00:00,08:30:00,840
48,D,08:30:00,12:00:00,1200
48,D,12:00:00,13:30:00,840
48,D,13:30:00,18:30:00,1200
48,D,18:30:00,21:30:00,840
48,D,21:30:00,22:30:00,1200
48,D,22:30:00,25:00:00,1800
49,H,05:00:00,06:00:00,1200
49,H,06:00:00,08:30:00,960
49,H,08:30:00,12:00:00,1200
49,H,12:00:00,13:30:00,960
49,H,13:30:00,18:30:00,1200
49,H,18:30:00,21:30:00,960
49,H,21:30:00,22:30:00,1200
49,H,22:30:00,25:00:00,1800
49,S,05:00:00,06:00:00,1200
49,S,06:00:00,08:30:00,960
49,S,08:30:00,12:00:00,1200
49,S,12:00:00,13:30:00,960
49,S,13:30:00,18:30:00,1200
49,S,18:30:00,21:30:00,960
49,S,21:30:00,22:30:00,1200
49,S,22:30:00,25:00:00,1800
49,D,05:00:00,06:00:00,1200
49,D,06:00:00,08:30:00,960
49,D,08:30:00,12:00:00,1200
49,D,12:00:00,13:30:00,960
49,D,13:30:00,18:30:00,1200
49,D,18:30:00,21:30:00,960
49,D,21:30:00,22:30:00,1200
49,D,22:30:00,25:00:00,1800
50,H,05:00:00,06:00:00,1200
50,H,06:00:00,08:30:00,900
50,H,08:30:00,12:00:00,1200
50,H,12:00:00,13:30:00,900
50,H,13:30:00,18:30:00,1200
50,H,18:30:00,21:30:00,900
50,H,21:30:00,22:30:00,1200
50,H,22:30:00,25:00:00,2700
50,S,05:00:00,06:00:00,1200
50,S,06:00:00,08:30:00,900
50,S,08:30:00,12:00:00,1200
50,S,12:00:00,13:30:00,900
50,S,13:30:00,18:30:00,1200
50,S,18:30:00,21:30:00,900
50,S,21:30:00,22:30:00,1200
50,S,22:30:00,25:00:00,2700
50,D,05:00:00,06:00:00,1200
50,D,06:00:00,08:30:00,900
50,D,08:30:00,12:00:00,1200
50,D,12:00:00,13:30:00,900
50,D,13:30:00,18:30:00,1200
50,D,18:30:00,21:30:00,900
50,D,21:30:00,22:30:00,1200
50,D,22:30:00,25:00:00,2700
51,H,05:00:00,06:00:00,2700
51,H,06:00:00,08:30:00,1500
51,H,08:30:00,12:00:00,2700
51,H,12:00:00,13:30:00,1500
51,H,13:30:00,18:30:00,2700
51,H,18:30:00,21:30:00,1500
51,H,21:30:00,22:30:00,2700
51,S,05:00:00,06:00:00,2700
51,S,06:00:00,08:30:00,1500
51,S,08:30:00,12:00:00,2700
51,S,12:00:00,13:30:00,1500
51,S,13:30:00,18:30:00,2700
51,S,18:30:00,21:30:00,1500
51,S,21:30:00,22:30:00,2700
51,D,05:00:00,06:00:00,2700
51,D,06:00:00,08:30:00,1500
51,D,08:30:00,12:00:00,2700
51,D,12:00:00,13:30:00,1500
51,D,13:30:00,18:30:00,2700
51,D,18:30:00,21:30:00,1500
51,D,21:30:00,22:30:00,2700
52,H,01:00:00,05:00:00,3600
52,H,05:00:00,06:00:00,780
52,H,06:00:00,08:30:00,480
52,H,08:30:00,12:00:00,780
52,H,12:00:00,13:30:00,480
52,H,13:30:00,18:30:00,780
52,H,18:30:00,21:30:00,480
52,H,21:30:00,22:30:00,780
52,H,22:30:00,25:00:00,1200
52,S,01:00:00,05:00:00,3600
52,S,05:00:00,06:00:00,780
52,S,06:00:00,08:30:00,480
52,S,08:30:00,12:00:00,780
52,S,12:00:00,13:30:00,480
52,S,13:30:00,18:30:00,780
52,S,18:30:00,21:30:00,480
52,S,21:30:00,22:30:00,780
52,S,22:30:00,25:00:00,1200
52,D,01:00:00,05:00:00,3600
52,D,05:00:00,06:00:00,780
52,D,06:00:00,08:30:00,480
52,D,08:30:00,12:00:00,780
52,D,12:00:00,13:30:00,480
52,D,13:30:00,18:30:00,780
52,D,18:30:00,21:30:00,480
52,D,21:30:00,22:30:00,780
52,D,22:30:00,25:00:00,1200
53,H,01:00:00,05:00:00,7200
53,H,05:00:00,06:00:00,1020
53,H,06:00:00,08:30:00,720
53,H,08:30:00,12:00:00,1020
53,H,12:00:00,13:30:00,720
53,H,13:30:00,18:30:00,1020
53,H,18:30:00,21:30:00,720
53,H,21:30:00,22:30:00,1020
53,H,22:30:00,25:00:00,1800
53,S,01:00:00,05:00:00,7200
53,S,05:00:00,06:00:00,1020
53,S,06:00:00,08:30:00,720
53,S,08:30:00,12:00:00,1020
53,S,12:00:00,13:30:00,720
53,S,13:30:00,18:30:00,1020
53,S,18:30:00,21:30:00,720
53,S,21:30:00,22:30:00,1020
53,S,22:30:00,25:00:00,1800
53,D,01:00:00,05:00:00,7200
53,D,05:00:00,06:00:00,1020
53,D,06:00:00,08:30:00,720
53,D,08:30:00,12:00:00,1020
53,D,12:00:00,13:30:00,720
53,D,13:30:00,18:30:00,1020
53,D,18:30:00,21:30:00,720
53,D,21:30:00,22:30:00,1020
53,D,22:30:00,25:00:00,1800
54,H,05:00:00,06:00:00,1020
54,H,06:00:00,08:30:00,780
54,H,08:30:00,12:00:00,1020
54,H,12:00:00,13:30:00,780
54,H,13:30:00,18:30:00,1020
54,H,18:30:00,21:30:00,780
54,H,21:30:00,22:30:00,1020
54,H,22:30:00,25:00:00,1800
54,S,05:00:00,06:00:00,1020
54,S,06:00:00,08:30:00,780
54,S,08:30:00,12:00:00,1020
54,S,12:00:00,13:30:00,780
54,S,13:30:00,18:30:00,1020
54,S,18:30:00,21:30:00,780
54,S,21:30:00,22:30:00,1020
54,S,22:30:00,25:00:00,1800
54,D,05:00:00,06:00:00,1020
54,D,06:00:00,08:30:00,780
54,D,08:30:00,12:00:00,1020
54,D,12:00:00,13:30:00,780
54,D,13:30:00,18:30:00,1020
54,D,18:30:00,21:30:00,780
54,D,21:30:00,22:30:00,1020
54,D,22:30:00,25:00:00,1800
55,H,05:00:00,06:00:00,1800
55,H,06:00:00,08:30:00,1200
55,H,08:30:00,12:00:00,1800
55,H,12:00:00,13:30:00,1200
55,H,13:30:00,18:30:00,1800
55,H,18:30:00,21:30:00,1200
55,H,21:30:00,22:30:00,1800
55,H,22:30:00,25:00:00,1800
55,S,05:00:00,06:00:00,1800
55,S,06:00:00,08:30:00,1200
55,S,08:30:00,12:00:00,1800
55,S,12:00:00,13:30:00,1200
55,S,13:30:00,18:30:00,1800
55,S,18:30:00,21:30:00,1200
55,S,21:30:00,22:30:00,1800
55,S,22:30:00,25:00:00,1800
55,D,05:00:00,06:00:00,1800
55,D,06:00:00,08:30:00,1200
55,D,08:30:00,12:00:00,1800
55,D,12:00:00,13:30:00,1200
55,D,13:30:00,18:30:00,1800
55,D,18:30:00,21:30:00,1200
55,D,21:30:00,22:30:00,1800
55,D,22:30:00,25:00:00,1800
56,H,05:00:00,06:00:00,1200
56,H,06:00:00,08:30:00,840
56,H,08:30:00,12:00:00,1200
56,H,12:00:00,13:30:00,840
56,H,13:30:00,18:30:00,1200
56,H,18:30:00,21:30:00,840
56,H,21:30:00,22:30:00,1200
56,H,22:30:00,25:00:00,1800
56,S,05:00:00,06:00:00,1200
56,S,06:00:00,08:30:00,840
56,S,08:30:00,12:00:00,1200
56,S,12:00:00,13:30:00,840
56,S,13:30:00,18:30:00,1200
56,S,18:30:00,21:30:00,840
56,S,21:30:00,22:30:00,1200
56,S,22:30:00,25:00:00,1800
56,D,05:00:00,06:00:00,1200
56,D,06:00:00,08:30:00,840
56,D,08:30:00,12:00:00,1200
56,D,12:00:00,13:30:00,840
56,D,13:30:00,18:30:00,1200
56,D,18:30:00,21:30:00,840
56,D,21:30:00,22:30:00,1200
56,D,22:30:00,25:00:00,1800
57,H,05:00:00,06:00:00,1020
57,H,06:00:00,08:30:00,780
57,H,08:30:00,12:00:00,1020
57,H,12:00:00,13:30:00,780
57,H,13:30:00,18:30:00,1020
57,H,18:30:00,21:30:00,780
57,H,21:30:00,22:30:00,1020
57,H,22:30:00,25:00:00,1800
57,S,05:00:00,06:00:00,1020
57,S,06:00:00,08:30:00,780
57,S,08:30:00,12:00:00,1020
57,S,12:00:00,13:30:00,780
57,S,13:30:00,18:30:00,1020
57,S,18:30:00,21:30:00,780
57,S,21:30:00,22:30:00,1020
57,S,22:30:00,25:00:00,1800
57,D,05:00:00,06:00:00,1020
57,D,06:00:00,08:30:00,780
57,D,08:30:00,12:00:00,1020
57,D,12:00:00,13:30:00,780
57,D,13:30:00,18:30:00,1020
57,D,18:30:00,21:30:00,780
57,D,21:30:00,22:30:00,1020
57,D,22:30:00,25:00:00,1800
58,H,01:00:00,05:00:00,3600
58,H,05:00:00,06:00:00,720
58,H,06:00:00,08:30:00,480
58,H,08:30:00,12:00:00,720
58,H,12:00:00,13:30:00,480
58,H,13:30:00,18:30:00,720
58,H,18:30:00,21:30:00,480
58,H,21:30:00,22:30:00,720
58,H,22:30:00,25:00:00,1200
58,S,01:00:00,05:00:00,3600
58,S,05:00:00,06:00:00,720
58,S,06:00:00,08:30:00,480
58,S,08:30:00,12:00:00,720
58,S,12:00:00,13:30:00,480
58,S,13:30:00,18:30:00,720
58,S,18:30:00,21:30:00,480
58,S,21:30:00,22:30:00,720
58,S,22:30:00,25:00:00,1200
58,D,01:00:00,05:00:00,3600
58,D,05:00:00,06:00:00,720
58,D,06:00:00,08:30:00,480
58,D,08:30:00,12:00:00,720
58,D,12:00:00,13:30:00,480
58,D,13:30:00,18:30:00,720
58,D,18:30:00,21:30:00,480
58,D,21:30:00,22:30:00,720
58,D,22:30:00,25:00:00,1200
59,H,05:00:00,06:00:00,900
59,H,06:00:00,08:30:00,540
59,H,08:30:00,12:00:00,900
59,H,12:00:00,13:30:00,540
59,H,13:30:00,18:30:00,900
59,H,18:30:00,21:30:00,540
59,H,21:30:00,22:30:00,900
59,H,22:30:00,25:00:00,1200
59,S,05:00:00,06:00:00,900
59,S,06:00:00,08:30:00,540
59,S,08:30:00,12:00:00,900
59,S,12:00:00,13:30:00,540
59,S,13:30:00,18:30:00,900
59,S,18:30:00,21:30:00,540
59,S,21:30:00,22:30:00,900
59,S,22:30:00,25:00:00,1200
59,D,05:00:00,06:00:00,900
59,D,06:00:00,08:30:00,540
59,D,08:30:00,12:00:00,900
59,D,12:00:00,13:30:00,540
59,D,13:30:00,18:30:00,900
59,D,18:30:00,21:30:00,540
59,D,21:30:00,22:30:00,900
59,D,22:30:00,25:00:00,1200
60,H,01:00:00,05:00:00,3600
60,H,05:00:00,06:00:00,1200
60,H,06:00:00,08:30:00,900
60,H,08:30:00,12:00:00,1200
60,H,12:00:00,13:30:00,900
60,H,13:30:00,18:30:00,1200
60,H,18:30:00,21:30:00,900
60,H,21:30:00,22:30:00,1200
60,H,22:30:00,25:00:00,1800
60,S,01:00:00,05:00:00,3600
60,S,05:00:00,06:00:00,1200
60,S,06:00:00,08:30:00,900
60,S,08:30:00,12:00:00,1200
60,S,12:00:00,13:30:00,900
60,S,13:30:00,18:30:00,1200
60,S,18:30:00,21:30:00,900
60,S,21:30:00,22:30:00,1200
60,S,22:30:00,25:00:00,1800
60,D,01:00:00,05:00:00,3600
60,D,05:00:00,06:00:00,1200
60,D,06:00:00,08:30:00,900
60,D,08:30:00,12:00:00,1200
60,D,12:00:00,13:30:00,900
60,D,13:30:00,18:30:00,1200
60,D,18:30:00,21:30:00,900
60,D,21:30:00,22:30:00,1200
60,D,22:30:00,25:00:00,1800
61,H,05:00:00,06:00:00,1500
61,H,06:00:00,08:30:00,900
61,H,08:30:00,12:00:00,1500
61,H,12:00:00,13:30:00,900
61,H,13:30:00,18:30:00,1500
61,H,18:30:00,21:30:00,900
61,H,21:30:00,22:30:00,1500
61,H,22:30:00,25:00:00,2700
61,S,05:00:00,06:00:00,1500
61,S,06:00:00,08:30:00,900
61,S,08:30:00,12:00:00,1500
61,S,12:00:00,13:30:00,900
61,S,13:30:00,18:30:00,1500
61,S,18:30:00,21:30:00,900
61,S,21:30:00,22:30:00,1500
61,S,22:30:00,25:00:00,2700
61,D,05:00:00,06:00:00,1500
61,D,06:00:00,08:30:00,900
61,D,08:30:00,12:00:00,1500
61,D,12:00:00,13:30:00,900
61,D,13:30:00,18:30:00,1500
61,D,18:30:00,21:30:00,900
61,D,21:30:00,22:30:00,1500
61,D,22:30:00,25:00:00,2700
62,H,05:00:00,06:00:00,1020
62,H,06:00:00,08:30:00,720
62,H,08:30:00,12:00:00,1020
62,H,12:00:00,13:30:00,720
62,H,13:30:00,18:30:00,1020
62,H,18:30:00,21:30:00,720
62,H,21:30:00,22:30:00,1020
62,H,22:30:00,25:00:00,1800
62,S,05:00:00,06:00:00,1020
62,S,06:00:00,08:30:00,720
62,S,08:30:00,12:00:00,1020
62,S,12:00:00,13:30:00,720
62,S,13:30:00,18:30:00,1020
62,S,18:30:00,21:30:00,720
62,S,21:30:00,22:30:00,1020
62,S,22:30:00,25:00:00,1800
62,D,05:00:00,06:00:00,1020
62,D,06:00:00,08:30:00,720
62,D,08:30:00,12:00:00,1020
62,D,12:00:00,13:30:00,720
62,D,13:30:00,18:30:00,1020
62,D,18:30:00,21:30:00,720
62,D,21:30:00,22:30:00,1020
62,D,22:30:00,25:00:00,1800
63,H,05:00:00,06:00:00,1800
63,H,06:00:00,08:30:00,1200
63,H,08:30:00,12:00:00,1800
63,H,12:00:00,13:30:00,1200
63,H,13:30:00,18:30:00,1800
63,H,18:30:00,21:30:00,1200
63,H,21:30:00,22:30:00,1800
63,S,05:00:00,06:00:00,1800
63,S,06:00:00,08:30:00,1200
63,S,08:30:00,12:00:00,1800
63,S,12:00:00,13:30:00,1200
63,S,13:30:00,18:30:00,1800
63,S,18:30:00,21:30:00,1200
63,S,21:30:00,22:30:00,1800
63,D,05:00:00,06:00:00,1800
63,D,06:00:00,08:30:00,1200
63,D,08:30:00,12:00:00,1800
63,D,12:00:00,13:30:00,1200
63,D,13:30:00,18:30:00,1800
63,D,18:30:00,21:30:00,1200
63,D,21:30:00,22:30:00,1800
64,H,05:00:00,06:00:00,1200
64,H,06:00:00,08:30:00,1200
64,H,08:30:00,12:00:00,1200
64,H,12:00:00,13:30:00,1200
64,H,13:30:00,18:30:00,1200
64,H,18:30:00,21:30:00,1200
64,H,21:30:00,22:30:00,1200
64,S,05:00:00,06:00:00,1200
64,S,06:00:00,08:30:00,1200
64,S,08:30:00,12:00:00,1200
64,S,12:00:00,13:30:00,1200
64,S,13:30:00,18:30:00,1200
64,S,18:30:00,21:30:00,1200
64,S,21:30:00,22:30:00,1200
64,D,05:00:00,06:00:00,1200
64,D,06:00:00,08:30:00,1200
64,D,08:30:00,12:00:00,1200
64,D,12:00:00,13:30:00,1200
64,D,13:30:00,18:30:00,1200
64,D,18:30:00,21:30:00,1200
64,D,21:30:00,22:30:00,1200
65,H,05:00:00,06:00:00,3600
65,H,06:00:00,08:30:00,3480
65,H,08:30:00,12:00:00,3600
65,H,12:00:00,13:30:00,3480
65,H,13:30:00,18:30:00,3600
65,H,18:30:00,21:30:00,3480
65,H,21:30:00,22:30:00,3600
65,S,05:00:00,06:00:00,3600
65,S,06:00:00,08:30:00,3480
65,S,08:30:00,12:00:00,3600
65,S,12:00:00,13:30:00,3480
65,S,13:30:00,18:30:00,3600
65,S,18:30:00,21:30:00,3480
65,S,21:30:00,22:30:00,3600
65,D,05:00:00,06:00:00,3600
65,D,06:00:00,08:30:00,3480
65,D,08:30:00,12:00:00,3600
65,D,12:00:00,13:30:00,3480
65,D,13:30:00,18:30:00,3600
65,D,18:30:00,21:30:00,3480
65,D,21:30:00,22:30:00,3600
66,H,05:00:00,06:00:00,3600
66,H,06:00:00,08:30:00,1800
66,H,08:30:00,12:00:00,3600
66,H,12:00:00,13:30:00,1800
66,H,13:30:00,18:30:00,3600
66,H,18:30:00,21:30:00,1800
66,H,21:30:00,22:30:00,3600
66,S,05:00:00,06:00:00,3600
66,S,06:00:00,08:30:00,1800
66,S,08:30:00,12:00:00,3600
66,S,12:00:00,13:30:00,1800
66,S,13:30:00,18:30:00,3600
66,S,18:30:00,21:30:00,1800
66,S,21:30:00,22:30:00,3600
66,D,05:00:00,06:00:00,3600
66,D,06:00:00,08:30:00,1800
66,D,08:30:00,12:00:00,3600
66,D,12:00:00,13:30:00,1800
66,D,13:30:00,18:30:00,3600
66,D,18:30:00,21:30:00,1800
66,D,21:30:00,22:30:00,3600
67,H,05:00:00,06:00:00,1800
67,H,06:00:00,08:30:00,1200
67,H,08:30:00,12:00:00,1800
67,H,12:00:00,13:30:00,1200
67,H,13:30:00,18:30:00,1800
67,H,18:30:00,21:30:00,1200
67,H,21:30:00,22:30:00,1800
67,S,05:00:00,06:00:00,1800
67,S,06:00:00,08:30:00,1200
67,S,08:30:00,12:00:00,1800
67,S,12:00:00,13:30:00,1200
67,S,13:30:00,18:30:00,1800
67,S,18:30:00,21:30:00,1200
67,S,21:30:00,22:30:00,1800
67,D,05:00:00,06:00:00,1800
67,D,06:00:00,08:30:00,1200
67,D,08:30:00,12:00:00,1800
67,D,12:00:00,13:30:00,1200
67,D,13:30:00,18:30:00,1800
67,D,18:30:00,21:30:00,1200
67,D,21:30:00,22:30:00,1800
68,H,05:00:00,06:00:00,1800
68,H,06:00:00,08:30:00,1200
68,H,08:30:00,12:00:00,1800
68,H,12:00:00,13:30:00,1200
68,H,13:30:00,18:30:00,1800
68,H,18:30:00,21:30:00,1200
68,H,21:30:00,22:30:00,1800
68,S,05:00:00,06:00:00,1800
68,S,06:00:00,08:30:00,1200
68,S,08:30:00,12:00:00,1800
68,S,12:00:00,13:30:00,1200
68,S,13:30:00,18:30:00,1800
68,S,18:30:00,21:30:00,1200
68,S,21:30:00,22:30:00,1800
68,D,05:00:00,06:00:00,1800
68,D,06:00:00,08:30:00,1200
68,D,08:30:00,12:00:00,1800
68,D,12:00:00,13:30:00,1200
68,D,13:30:00,18:30:00,1800
68,D,18:30:00,21:30:00,1200
68,D,21:30:00,22:30:00,1800
69,H,05:00:00,06:00:00,1500
69,H,06:00:00,08:30:00,840
69,H,08:30:00,12:00:00,1500
69,H,12:00:00,13:30:00,840
69,H,13:30:00,18:30:00,1500
69,H,18:30:00,21:30:00,840
69,H,21:30:00,22:30:00,1500
69,S,05:00:00,06:00:00,1500
69,S,06:00:00,08:30:00,840
69,S,08:30:00,12:00:00,1500
69,S,12:00:00,13:30:00,840
69,S,13:30:00,18:30:00,1500
69,S,18:30:00,21:30:00,840
69,S,21:30:00,22:30:00,1500
69,D,05:00:00,06:00:00,1500
69,D,06:00:00,08:30:00,840
69,D,08:30:00,12:00:00,1500
69,D,12:00:00,13:30:00,840
69,D,13:30:00,18:30:00,1500
69,D,18:30:00,21:30:00,840
69,D,21:30:00,22:30:00,1500
70,H,05:00:00,06:00:00,1500
70,H,06:00:00,08:30:00,1200
70,H,08:30:00,12:00:00,1500
70,H,12:00:00,13:30:00,1200
70,H,13:30:00,18:30:00,1500
70,H,18:30:00,21:30:00,1200
70,H,21:30:00,22:30:00,1500
70,S,05:00:00,06:00:00,1500
70,S,06:00:00,08:30:00,1200
70,S,08:30:00,12:00:00,1500
70,S,12:00:00,13:30:00,1200
70,S,13:30:00,18:30:00,1500
70,S,18:30:00,21:30:00,1200
70,S,21:30:00,22:30:00,1500
70,D,05:00:00,06:00:00,1500
70,D,06:00:00,08:30:00,1200
70,D,08:30:00,12:00:00,1500
70,D,12:00:00,13:30:00,1200
70,D,13:30:00,18:30:00,1500
70,D,18:30:00,21:30:00,1200
70,D,21:30:00,22:30:00,1500
71,H,05:00:00,06:00:00,1200
71,H,06:00:00,08:30:00,900
71,H,08:30:00,12:00:00,1200
71,H,12:00:00,13:30:00,900
71,H,13:30:00,18:30:00,1200
71,H,18:30:00,21:30:00,900
71,H,21:30:00,22:30:00,1200
71,S,05:00:00,06:00:00,1200
71,S,06:00:00,08:30:00,900
71,S,08:30:00,12:00:00,1200
71,S,12:00:00,13:30:00,900
71,S,13:30:00,18:30:00,1200
71,S,18:30:00,21:30:00,900
71,S,21:30:00,22:30:00,1200
71,D,05:00:00,06:00:00,1200
71,D,06:00:00,08:30:00,900
71,D,08:30:00,12:00:00,1200
71,D,12:00:00,13:30:00,900
71,D,13:30:00,18:30:00,1200
71,D,18:30:00,21:30:00,900
71,D,21:30:00,22:30:00,1200
72,H,05:00:00,06:00:00,1200
72,H,06:00:00,08:30:00,900
72,H,08:30:00,12:00:00,1200
72,H,12:00:00,13:30:00,900
72,H,13:30:00,18:30:00,1200
72,H,18:30:00,21:30:00,900
72,H,21:30:00,22:30:00,1200
72,S,05:00:00,06:00:00,1200
72,S,06:00:00,08:30:00,900
72,S,08:30:00,12:00:00,1200
72,S,12:00:00,13:30:00,900
72,S,13:30:00,18:30:00,1200
72,S,18:30:00,21:30:00,900
72,S,21:30:00,22:30:00,1200
72,D,05:00:00,06:00:00,1200
72,D,06:00:00,08:30:00,900
72,D,08:30:00,12:00:00,1200
72,D,12:00:00,13:30:00,900
72,D,13:30:00,18:30:00,1200
72,D,18:30:00,21:30:00,900
72,D,21:30:00,22:30:00,1200
73,H,05:00:00,06:00:00,1200
73,H,06:00:00,08:30:00,900
73,H,08:30:00,12:00:00,1200
73,H,12:00:00,13:30:00,900
73,H,13:30:00,18:30:00,1200
73,H,18:30:00,21:30:00,900
73,H,21:30:00,22:30:00,1200
73,S,05:00:00,06:00:00,1200
73,S,06:00:00,08:30:00,900
73,S,08:30:00,12:00:00,1200
73,S,12:00:00,13:30:00,900
73,S,13:30:00,18:30:00,1200
73,S,18:30:00,21:30:00,900
73,S,21:30:00,22:30:00,1200
73,D,05:00:00,06:00:00,1200
73,D,06:00:00,08:30:00,900
73,D,08:30:00,12:00:00,1200
73,D,12:00:00,13:30:00,900
73,D,13:30:00,18:30:00,1200
73,D,18:30:00,21:30:00,900
73,D,21:30:00,22:30:00,1200
74,H,05:00:00,06:00:00,780
74,H,06:00:00,08:30:00,420
74,H,08:30:00,12:00:00,780
74,H,12:00:00,13:30:00,420
74,H,13:30:00,18:30:00,780
74,H,18:30:00,21:30:00,420
74,H,21:30:00,22:30:00,780
74,H,22:30:00,25:00:00,1500
74,S,05:00:00,06:00:00,780
74,S,06:00:00,08:30:00,420
74,S,08:30:00,12:00:00,780
74,S,12:00:00,13:30:00,420
74,S,13:30:00,18:30:00,780
74,S,18:30:00,21:30:00,420
74,S,21:30:00,22:30:00,780
74,S,22:30:00,25:00:00,1500
74,D,05:00:00,06:00:00,780
74,D,06:00:00,08:30:00,420
74,D,08:30:00,12:00:00,780
74,D,12:00:00,13:30:00,420
74,D,13:30:00,18:30:00,780
74,D,18:30:00,21:30:00,420
74,D,21:30:00,22:30:00,780
74,D,22:30:00,25:00:00,1500
75,H,05:00:00,06:00:00,720
75,H,06:00:00,08:30:00,420
75,H,08:30:00,12:00:00,720
75,H,12:00:00,13:30:00,420
75,H,13:30:00,18:30:00,720
75,H,18:30:00,21:30:00,420
75,H,21:30:00,22:30:00,720
75,H,22:30:00,25:00:00,1500
75,S,05:00:00,06:00:00,720
75,S,06:00:00,08:30:00,420
75,S,08:30:00,12:00:00,720
75,S,12:00:00,13:30:00,420
75,S,13:30:00,18:30:00,720
75,S,18:30:00,21:30:00,420
75,S,21:30:00,22:30:00,720
75,S,22:30:00,25:00:00,1500
75,D,05:00:00,06:00:00,720
75,D,06:00:00,08:30:00,420
75,D,08:30:00,12:00:00,720
75,D,12:00:00,13:30:00,420
75,D,13:30:00,18:30:00,720
75,D,18:30:00,21:30:00,420
75,D,21:30:00,22:30:00,720
75,D,22:30:00,25:00:00,1500
76,H,05:00:00,06:00:00,900
76,H,06:00:00,08:30:00,540
76,H,08:30:00,12:00:00,900
76,H,12:00:00,13:30:00,540
76,H,13:30:00,18:30:00,900
76,H,18:30:00,21:30:00,540
76,H,21:30:00,22:30:00,900
76,H,22:30:00,25:00:00,1500
76,S,05:00:00,06:00:00,900
76,S,06:00:00,08:30:00,540
76,S,08:30:00,12:00:00,900
76,S,12:00:00,13:30:00,540
76,S,13:30:00,18:30:00,900
76,S,18:30:00,21:30:00,540
76,S,21:30:00,22:30:00,900
76,S,22:30:00,25:00:00,1500
76,D,05:00:00,06:00:00,900
76,D,06:00:00,08:30:00,540
76,D,08:30:00,12:00:00,900
76,D,12:00:00,13:30:00,540
76,D,13:30:00,18:30:00,900
76,D,18:30:00,21:30:00,540
76,D,21:30:00,22:30:00,900
76,D,22:30:00,25:00:00,1500
